genero_usuario,edad_usuario,Generacion,nombre_estacion_origen,duracion_recorrido
FEMALE,25,"Millennials Jóvenes","235 - COMUNA 13",560
MALE,33,"Millennials Jóvenes","218 - Campana",1657
MALE,33,"Millennials Jóvenes","243 - PLAZOLETA CELEDONIO FLORES",1794
MALE,33,"Millennials Jóvenes","243 - PLAZOLETA CELEDONIO FLORES",247
MALE,33,"Millennials Jóvenes","243 - PLAZOLETA CELEDONIO FLORES",1460
MALE,33,"Millennials Jóvenes","310 - FREIRE II",1654
MALE,33,"Millennials Jóvenes","218 - Campana",1604
MALE,33,"Millennials Jóvenes","218 - Campana",636
MALE,33,"Millennials Jóvenes","218 - Campana",661
MALE,33,"Millennials Jóvenes","258 - Plaza J.J. Paso",2922
MALE,33,"Millennials Jóvenes","218 - Campana",1525
MALE,33,"Millennials Jóvenes","218 - Campana",1992
MALE,33,"Millennials Jóvenes","218 - Campana",1861
MALE,33,"Millennials Jóvenes","218 - Campana",1632
OTHER,26,"Millennials Jóvenes","113 - Guatemala",1407
MALE,25,"Millennials Jóvenes","056 - Plaza Palermo Viejo",648
MALE,25,"Millennials Jóvenes","069 - Ecuador",983
MALE,32,"Millennials Jóvenes","004 - Plaza Roma",393
MALE,32,"Millennials Jóvenes","004 - Plaza Roma",1282
MALE,32,"Millennials Jóvenes","004 - Plaza Roma",66
MALE,27,"Millennials Jóvenes","059 - Coronel Diaz",290
MALE,27,"Millennials Jóvenes","059 - Coronel Diaz",414
MALE,27,"Millennials Jóvenes","089 - Cabello",249
MALE,27,"Millennials Jóvenes","059 - Coronel Diaz",312
MALE,27,"Millennials Jóvenes","181 - BILLINGHURST Y MANSILLA",454
MALE,27,"Millennials Jóvenes","059 - Coronel Diaz",286
MALE,27,"Millennials Jóvenes","089 - Cabello",303
MALE,27,"Millennials Jóvenes","059 - Coronel Diaz",408
MALE,27,"Millennials Jóvenes","059 - Coronel Diaz",328
MALE,27,"Millennials Jóvenes","059 - Coronel Diaz",936
MALE,27,"Millennials Jóvenes","059 - Coronel Diaz",500
MALE,27,"Millennials Jóvenes","009 - Parque Las Heras",857
MALE,27,"Millennials Jóvenes","059 - Coronel Diaz",291
MALE,27,"Millennials Jóvenes","059 - Coronel Diaz",336
MALE,27,"Millennials Jóvenes","059 - Coronel Diaz",871
MALE,27,"Millennials Jóvenes","156 - Plaza Alemania",575
MALE,27,"Millennials Jóvenes","181 - BILLINGHURST Y MANSILLA",369
MALE,27,"Millennials Jóvenes","059 - Coronel Diaz",369
MALE,27,"Millennials Jóvenes","189 - POSADAS",708
MALE,27,"Millennials Jóvenes","059 - Coronel Diaz",550
MALE,27,"Millennials Jóvenes","059 - Coronel Diaz",310
MALE,27,"Millennials Jóvenes","065 - Julián Álvarez",436
MALE,27,"Millennials Jóvenes","059 - Coronel Diaz",815
MALE,27,"Millennials Jóvenes","059 - Coronel Diaz",358
MALE,27,"Millennials Jóvenes","059 - Coronel Diaz",192
MALE,27,"Millennials Jóvenes","009 - Parque Las Heras",235
MALE,27,"Millennials Jóvenes","059 - Coronel Diaz",238
MALE,27,"Millennials Jóvenes","059 - Coronel Diaz",86
MALE,27,"Millennials Jóvenes","059 - Coronel Diaz",247
MALE,27,"Millennials Jóvenes","059 - Coronel Diaz",252
MALE,27,"Millennials Jóvenes","089 - Cabello",408
MALE,27,"Millennials Jóvenes","059 - Coronel Diaz",251
MALE,27,"Millennials Jóvenes","059 - Coronel Diaz",316
MALE,27,"Millennials Jóvenes","059 - Coronel Diaz",264
MALE,27,"Millennials Jóvenes","059 - Coronel Diaz",554
MALE,27,"Millennials Jóvenes","103 - MALBA",390
MALE,27,"Millennials Jóvenes","059 - Coronel Diaz",544
MALE,27,"Millennials Jóvenes","089 - Cabello",317
MALE,27,"Millennials Jóvenes","059 - Coronel Diaz",339
MALE,27,"Millennials Jóvenes","059 - Coronel Diaz",291
MALE,27,"Millennials Jóvenes","059 - Coronel Diaz",232
MALE,27,"Millennials Jóvenes","181 - BILLINGHURST Y MANSILLA",343
MALE,27,"Millennials Jóvenes","181 - BILLINGHURST Y MANSILLA",467
MALE,27,"Millennials Jóvenes","059 - Coronel Diaz",263
MALE,27,"Millennials Jóvenes","059 - Coronel Diaz",255
MALE,27,"Millennials Jóvenes","181 - BILLINGHURST Y MANSILLA",309
MALE,27,"Millennials Jóvenes","059 - Coronel Diaz",236
MALE,27,"Millennials Jóvenes","156 - Plaza Alemania",501
MALE,27,"Millennials Jóvenes","059 - Coronel Diaz",437
MALE,27,"Millennials Jóvenes","089 - Cabello",190
MALE,27,"Millennials Jóvenes","059 - Coronel Diaz",342
MALE,27,"Millennials Jóvenes","059 - Coronel Diaz",288
MALE,27,"Millennials Jóvenes","001 - FACULTAD DE DERECHO",449
MALE,27,"Millennials Jóvenes","059 - Coronel Diaz",343
MALE,27,"Millennials Jóvenes","059 - Coronel Diaz",254
MALE,27,"Millennials Jóvenes","059 - Coronel Diaz",314
MALE,27,"Millennials Jóvenes","181 - BILLINGHURST Y MANSILLA",335
MALE,27,"Millennials Jóvenes","089 - Cabello",333
MALE,27,"Millennials Jóvenes","059 - Coronel Diaz",296
MALE,27,"Millennials Jóvenes","181 - BILLINGHURST Y MANSILLA",430
MALE,27,"Millennials Jóvenes","059 - Coronel Diaz",304
MALE,27,"Millennials Jóvenes","009 - Parque Las Heras",253
MALE,27,"Millennials Jóvenes","089 - Cabello",372
MALE,27,"Millennials Jóvenes","059 - Coronel Diaz",320
MALE,27,"Millennials Jóvenes","059 - Coronel Diaz",810
MALE,27,"Millennials Jóvenes","089 - Cabello",309
MALE,27,"Millennials Jóvenes","059 - Coronel Diaz",316
MALE,27,"Millennials Jóvenes","059 - Coronel Diaz",262
MALE,27,"Millennials Jóvenes","059 - Coronel Diaz",316
MALE,27,"Millennials Jóvenes","059 - Coronel Diaz",255
MALE,27,"Millennials Jóvenes","332 - PACÍFICO II",704
MALE,27,"Millennials Jóvenes","059 - Coronel Diaz",260
MALE,27,"Millennials Jóvenes","089 - Cabello",309
MALE,27,"Millennials Jóvenes","059 - Coronel Diaz",273
MALE,27,"Millennials Jóvenes","059 - Coronel Diaz",282
MALE,27,"Millennials Jóvenes","059 - Coronel Diaz",292
MALE,27,"Millennials Jóvenes","059 - Coronel Diaz",276
MALE,27,"Millennials Jóvenes","059 - Coronel Diaz",314
MALE,27,"Millennials Jóvenes","001 - FACULTAD DE DERECHO",477
MALE,27,"Millennials Jóvenes","059 - Coronel Diaz",261
MALE,27,"Millennials Jóvenes","089 - Cabello",285
MALE,27,"Millennials Jóvenes","059 - Coronel Diaz",339
MALE,27,"Millennials Jóvenes","059 - Coronel Diaz",358
MALE,27,"Millennials Jóvenes","089 - Cabello",816
MALE,27,"Millennials Jóvenes","059 - Coronel Diaz",685
MALE,27,"Millennials Jóvenes","089 - Cabello",395
MALE,27,"Millennials Jóvenes","009 - Parque Las Heras",986
MALE,27,"Millennials Jóvenes","065 - Julián Álvarez",381
MALE,27,"Millennials Jóvenes","158 - VILLARROEL",1280
MALE,27,"Millennials Jóvenes","059 - Coronel Diaz",299
MALE,27,"Millennials Jóvenes","059 - Coronel Diaz",276
MALE,27,"Millennials Jóvenes","059 - Coronel Diaz",273
MALE,27,"Millennials Jóvenes","059 - Coronel Diaz",332
MALE,27,"Millennials Jóvenes","059 - Coronel Diaz",111
MALE,27,"Millennials Jóvenes","059 - Coronel Diaz",852
MALE,27,"Millennials Jóvenes","059 - Coronel Diaz",233
MALE,27,"Millennials Jóvenes","059 - Coronel Diaz",246
MALE,27,"Millennials Jóvenes","059 - Coronel Diaz",267
MALE,27,"Millennials Jóvenes","089 - Cabello",443
MALE,27,"Millennials Jóvenes","059 - Coronel Diaz",321
MALE,27,"Millennials Jóvenes","059 - Coronel Diaz",349
MALE,27,"Millennials Jóvenes","294 - PLAZOLETA RÍO DE LA PLATA",495
MALE,27,"Millennials Jóvenes","059 - Coronel Diaz",742
MALE,27,"Millennials Jóvenes","059 - Coronel Diaz",359
MALE,27,"Millennials Jóvenes","059 - Coronel Diaz",296
MALE,27,"Millennials Jóvenes","059 - Coronel Diaz",278
MALE,27,"Millennials Jóvenes","059 - Coronel Diaz",311
MALE,27,"Millennials Jóvenes","181 - BILLINGHURST Y MANSILLA",340
MALE,27,"Millennials Jóvenes","059 - Coronel Diaz",246
MALE,27,"Millennials Jóvenes","181 - BILLINGHURST Y MANSILLA",358
MALE,27,"Millennials Jóvenes","089 - Cabello",471
MALE,27,"Millennials Jóvenes","059 - Coronel Diaz",621
MALE,27,"Millennials Jóvenes","059 - Coronel Diaz",373
MALE,27,"Millennials Jóvenes","059 - Coronel Diaz",213
MALE,27,"Millennials Jóvenes","059 - Coronel Diaz",322
MALE,27,"Millennials Jóvenes","059 - Coronel Diaz",303
MALE,27,"Millennials Jóvenes","059 - Coronel Diaz",298
MALE,27,"Millennials Jóvenes","059 - Coronel Diaz",354
MALE,27,"Millennials Jóvenes","059 - Coronel Diaz",436
MALE,27,"Millennials Jóvenes","059 - Coronel Diaz",298
MALE,27,"Millennials Jóvenes","059 - Coronel Diaz",329
MALE,27,"Millennials Jóvenes","089 - Cabello",484
MALE,27,"Millennials Jóvenes","059 - Coronel Diaz",320
MALE,27,"Millennials Jóvenes","166 - Cementerio de Recoleta",510
MALE,27,"Millennials Jóvenes","059 - Coronel Diaz",404
MALE,27,"Millennials Jóvenes","059 - Coronel Diaz",402
MALE,27,"Millennials Jóvenes","059 - Coronel Diaz",286
MALE,27,"Millennials Jóvenes","009 - Parque Las Heras",122
MALE,27,"Millennials Jóvenes","089 - Cabello",468
MALE,27,"Millennials Jóvenes","059 - Coronel Diaz",254
MALE,27,"Millennials Jóvenes","059 - Coronel Diaz",273
MALE,27,"Millennials Jóvenes","059 - Coronel Diaz",350
MALE,27,"Millennials Jóvenes","059 - Coronel Diaz",271
MALE,27,"Millennials Jóvenes","059 - Coronel Diaz",276
MALE,27,"Millennials Jóvenes","059 - Coronel Diaz",318
MALE,27,"Millennials Jóvenes","105 - PARQUE SAAVEDRA",815
MALE,27,"Millennials Jóvenes","059 - Coronel Diaz",455
MALE,27,"Millennials Jóvenes","089 - Cabello",337
MALE,27,"Millennials Jóvenes","105 - PARQUE SAAVEDRA",883
MALE,27,"Millennials Jóvenes","059 - Coronel Diaz",269
MALE,27,"Millennials Jóvenes","059 - Coronel Diaz",495
MALE,27,"Millennials Jóvenes","059 - Coronel Diaz",401
MALE,27,"Millennials Jóvenes","089 - Cabello",364
MALE,27,"Millennials Jóvenes","124 - UGARTECHE",260
MALE,27,"Millennials Jóvenes","065 - Julián Álvarez",444
MALE,27,"Millennials Jóvenes","059 - Coronel Diaz",312
MALE,27,"Millennials Jóvenes","089 - Cabello",340
MALE,27,"Millennials Jóvenes","059 - Coronel Diaz",353
MALE,27,"Millennials Jóvenes","292 - PLAZA BOLIVIA",998
MALE,27,"Millennials Jóvenes","089 - Cabello",375
MALE,27,"Millennials Jóvenes","059 - Coronel Diaz",340
MALE,27,"Millennials Jóvenes","089 - Cabello",463
MALE,27,"Millennials Jóvenes","065 - Julián Álvarez",602
MALE,27,"Millennials Jóvenes","059 - Coronel Diaz",247
MALE,27,"Millennials Jóvenes","059 - Coronel Diaz",285
MALE,27,"Millennials Jóvenes","059 - Coronel Diaz",287
MALE,27,"Millennials Jóvenes","059 - Coronel Diaz",242
MALE,27,"Millennials Jóvenes","059 - Coronel Diaz",372
MALE,27,"Millennials Jóvenes","059 - Coronel Diaz",271
MALE,27,"Millennials Jóvenes","059 - Coronel Diaz",273
MALE,27,"Millennials Jóvenes","059 - Coronel Diaz",265
MALE,27,"Millennials Jóvenes","059 - Coronel Diaz",261
MALE,27,"Millennials Jóvenes","059 - Coronel Diaz",286
MALE,27,"Millennials Jóvenes","059 - Coronel Diaz",634
MALE,27,"Millennials Jóvenes","059 - Coronel Diaz",252
MALE,27,"Millennials Jóvenes","059 - Coronel Diaz",235
MALE,27,"Millennials Jóvenes","089 - Cabello",315
MALE,27,"Millennials Jóvenes","059 - Coronel Diaz",242
MALE,27,"Millennials Jóvenes","059 - Coronel Diaz",366
MALE,27,"Millennials Jóvenes","059 - Coronel Diaz",318
MALE,27,"Millennials Jóvenes","012 - Plaza Vicente Lopez",915
MALE,27,"Millennials Jóvenes","059 - Coronel Diaz",254
MALE,27,"Millennials Jóvenes","059 - Coronel Diaz",499
MALE,27,"Millennials Jóvenes","059 - Coronel Diaz",248
MALE,27,"Millennials Jóvenes","059 - Coronel Diaz",219
MALE,27,"Millennials Jóvenes","059 - Coronel Diaz",357
MALE,27,"Millennials Jóvenes","059 - Coronel Diaz",290
MALE,27,"Millennials Jóvenes","059 - Coronel Diaz",351
MALE,28,"Millennials Jóvenes","276 - PRIMERA JUNTA",335
MALE,28,"Millennials Jóvenes","276 - PRIMERA JUNTA",354
MALE,28,"Millennials Jóvenes","276 - PRIMERA JUNTA",350
MALE,28,"Millennials Jóvenes","276 - PRIMERA JUNTA",351
MALE,28,"Millennials Jóvenes","276 - PRIMERA JUNTA",310
MALE,28,"Millennials Jóvenes","276 - PRIMERA JUNTA",410
MALE,28,"Millennials Jóvenes","276 - PRIMERA JUNTA",422
MALE,28,"Millennials Jóvenes","276 - PRIMERA JUNTA",367
MALE,28,"Millennials Jóvenes","276 - PRIMERA JUNTA",341
MALE,28,"Millennials Jóvenes","276 - PRIMERA JUNTA",326
MALE,28,"Millennials Jóvenes","276 - PRIMERA JUNTA",386
MALE,28,"Millennials Jóvenes","276 - PRIMERA JUNTA",290
MALE,28,"Millennials Jóvenes","276 - PRIMERA JUNTA",344
MALE,28,"Millennials Jóvenes","276 - PRIMERA JUNTA",681
MALE,28,"Millennials Jóvenes","276 - PRIMERA JUNTA",250
MALE,28,"Millennials Jóvenes","276 - PRIMERA JUNTA",369
MALE,28,"Millennials Jóvenes","276 - PRIMERA JUNTA",303
MALE,28,"Millennials Jóvenes","276 - PRIMERA JUNTA",359
MALE,28,"Millennials Jóvenes","276 - PRIMERA JUNTA",331
MALE,28,"Millennials Jóvenes","276 - PRIMERA JUNTA",261
MALE,28,"Millennials Jóvenes","276 - PRIMERA JUNTA",280
MALE,28,"Millennials Jóvenes","276 - PRIMERA JUNTA",288
MALE,28,"Millennials Jóvenes","276 - PRIMERA JUNTA",433
MALE,28,"Millennials Jóvenes","276 - PRIMERA JUNTA",430
MALE,28,"Millennials Jóvenes","276 - PRIMERA JUNTA",329
MALE,28,"Millennials Jóvenes","276 - PRIMERA JUNTA",332
MALE,28,"Millennials Jóvenes","276 - PRIMERA JUNTA",290
MALE,28,"Millennials Jóvenes","080 - VALLE",574
MALE,28,"Millennials Jóvenes","276 - PRIMERA JUNTA",314
MALE,28,"Millennials Jóvenes","276 - PRIMERA JUNTA",277
MALE,28,"Millennials Jóvenes","276 - PRIMERA JUNTA",311
MALE,28,"Millennials Jóvenes","276 - PRIMERA JUNTA",299
MALE,28,"Millennials Jóvenes","276 - PRIMERA JUNTA",290
MALE,28,"Millennials Jóvenes","276 - PRIMERA JUNTA",411
MALE,28,"Millennials Jóvenes","276 - PRIMERA JUNTA",316
MALE,28,"Millennials Jóvenes","276 - PRIMERA JUNTA",323
MALE,28,"Millennials Jóvenes","276 - PRIMERA JUNTA",332
MALE,28,"Millennials Jóvenes","276 - PRIMERA JUNTA",270
MALE,28,"Millennials Jóvenes","384 - PLAZA BENITO NAZAR",679
MALE,28,"Millennials Jóvenes","276 - PRIMERA JUNTA",397
MALE,28,"Millennials Jóvenes","111 - MACACHA GUEMES",700
MALE,28,"Millennials Jóvenes","035 - INGENIERO BUTTY",705
MALE,28,"Millennials Jóvenes","111 - MACACHA GUEMES",766
MALE,28,"Millennials Jóvenes","111 - MACACHA GUEMES",696
MALE,28,"Millennials Jóvenes","035 - INGENIERO BUTTY",702
MALE,28,"Millennials Jóvenes","114 - DELLA PAOLERA",718
MALE,28,"Millennials Jóvenes","111 - MACACHA GUEMES",572
MALE,28,"Millennials Jóvenes","114 - DELLA PAOLERA",684
MALE,28,"Millennials Jóvenes","111 - MACACHA GUEMES",909
MALE,28,"Millennials Jóvenes","114 - DELLA PAOLERA",635
MALE,28,"Millennials Jóvenes","111 - MACACHA GUEMES",771
MALE,28,"Millennials Jóvenes","111 - MACACHA GUEMES",232
MALE,28,"Millennials Jóvenes","111 - MACACHA GUEMES",69
MALE,28,"Millennials Jóvenes","111 - MACACHA GUEMES",375
MALE,28,"Millennials Jóvenes","128 - PARQUE DEL BAJO",287
MALE,28,"Millennials Jóvenes","111 - MACACHA GUEMES",506
MALE,28,"Millennials Jóvenes","111 - MACACHA GUEMES",624
MALE,28,"Millennials Jóvenes","114 - DELLA PAOLERA",546
MALE,28,"Millennials Jóvenes","111 - MACACHA GUEMES",572
MALE,28,"Millennials Jóvenes","111 - MACACHA GUEMES",204
MALE,28,"Millennials Jóvenes","111 - MACACHA GUEMES",955
MALE,26,"Millennials Jóvenes","147 - Constitución",2329
MALE,26,"Millennials Jóvenes","152 - JULIETA LANTERI",2632
MALE,26,"Millennials Jóvenes","061 - Ministerio de Economia",1724
MALE,26,"Millennials Jóvenes","147 - Constitución",3171
MALE,26,"Millennials Jóvenes","191 - Rivadavia y 9 de Julio",2144
MALE,26,"Millennials Jóvenes","116 - HOSPITAL ALEMÁN",1525
MALE,26,"Millennials Jóvenes","147 - Constitución",1253
FEMALE,31,"Millennials Jóvenes","029 - Parque Centenario",738
FEMALE,31,"Millennials Jóvenes","384 - PLAZA BENITO NAZAR",950
FEMALE,31,"Millennials Jóvenes","292 - PLAZA BOLIVIA",2265
FEMALE,31,"Millennials Jóvenes","059 - Coronel Diaz",2557
FEMALE,31,"Millennials Jóvenes","334 - CENTRO DE EXPOSICIONES",1081
FEMALE,31,"Millennials Jóvenes","001 - FACULTAD DE DERECHO",367
FEMALE,31,"Millennials Jóvenes","059 - Coronel Diaz",1273
FEMALE,31,"Millennials Jóvenes","059 - Coronel Diaz",212
FEMALE,31,"Millennials Jóvenes","059 - Coronel Diaz",258
FEMALE,33,"Millennials Jóvenes","387 - Luna",472
FEMALE,33,"Millennials Jóvenes","387 - Luna",422
FEMALE,33,"Millennials Jóvenes","387 - Luna",560
FEMALE,25,"Millennials Jóvenes","177 -PLANETARIO",957
FEMALE,25,"Millennials Jóvenes","166 - Cementerio de Recoleta",751
MALE,32,"Millennials Jóvenes","177 -PLANETARIO",973
MALE,32,"Millennials Jóvenes","166 - Cementerio de Recoleta",765
FEMALE,28,"Millennials Jóvenes","390 - De Los Ombues",2240
FEMALE,28,"Millennials Jóvenes","390 - De Los Ombues",1476
FEMALE,28,"Millennials Jóvenes","290 - Club Excursionistas",1174
MALE,27,"Millennials Jóvenes","390 - De Los Ombues",1004
MALE,27,"Millennials Jóvenes","128 - PARQUE DEL BAJO",2314
OTHER,30,"Millennials Jóvenes","074 - INSTITUTO LELOIR",827
OTHER,30,"Millennials Jóvenes","070 - ARAOZ",860
FEMALE,33,"Millennials Jóvenes","364 - CERRETTI Y MANUELA PEDRAZA",820
FEMALE,31,"Millennials Jóvenes","014 - Pacifico",410
FEMALE,31,"Millennials Jóvenes","256 - PLAZA NORUEGA",551
FEMALE,31,"Millennials Jóvenes","235 - COMUNA 13",1643
FEMALE,31,"Millennials Jóvenes","014 - Pacifico",1428
FEMALE,31,"Millennials Jóvenes","235 - COMUNA 13",808
FEMALE,31,"Millennials Jóvenes","256 - PLAZA NORUEGA",600
FEMALE,31,"Millennials Jóvenes","249 - Balbín",444
FEMALE,31,"Millennials Jóvenes","249 - Balbín",64
FEMALE,31,"Millennials Jóvenes","239 - AVENIDA CRAMER",220
FEMALE,31,"Millennials Jóvenes","239 - AVENIDA CRAMER",243
FEMALE,31,"Millennials Jóvenes","235 - COMUNA 13",734
FEMALE,31,"Millennials Jóvenes","249 - Balbín",405
MALE,32,"Millennials Jóvenes","259 - PLAZA CASTELLI",1422
MALE,32,"Millennials Jóvenes","390 - De Los Ombues",2116
MALE,32,"Millennials Jóvenes","240 - ECHEVERRIA",1175
MALE,32,"Millennials Jóvenes","240 - ECHEVERRIA",1379
MALE,32,"Millennials Jóvenes","390 - De Los Ombues",1748
MALE,32,"Millennials Jóvenes","390 - De Los Ombues",1809
MALE,32,"Millennials Jóvenes","259 - PLAZA CASTELLI",1576
MALE,32,"Millennials Jóvenes","259 - PLAZA CASTELLI",1676
MALE,32,"Millennials Jóvenes","259 - PLAZA CASTELLI",2156
MALE,32,"Millennials Jóvenes","371 - Paseo de las Americas",844
MALE,32,"Millennials Jóvenes","259 - PLAZA CASTELLI",1081
MALE,32,"Millennials Jóvenes","371 - Paseo de las Americas",951
MALE,32,"Millennials Jóvenes","371 - Paseo de las Americas",892
MALE,32,"Millennials Jóvenes","259 - PLAZA CASTELLI",1117
MALE,32,"Millennials Jóvenes","259 - PLAZA CASTELLI",1121
MALE,32,"Millennials Jóvenes","259 - PLAZA CASTELLI",13099
MALE,32,"Millennials Jóvenes","259 - PLAZA CASTELLI",5553
MALE,32,"Millennials Jóvenes","259 - PLAZA CASTELLI",13222
MALE,32,"Millennials Jóvenes","259 - PLAZA CASTELLI",1578
MALE,32,"Millennials Jóvenes","259 - PLAZA CASTELLI",34124
MALE,32,"Millennials Jóvenes","390 - De Los Ombues",363
MALE,32,"Millennials Jóvenes","259 - PLAZA CASTELLI",276
MALE,32,"Millennials Jóvenes","381 - Matienzo Y Arce",543
MALE,25,"Millennials Jóvenes","173 - EL LIBERTADOR",1462
MALE,25,"Millennials Jóvenes","315 - BEIRO Y SAN MARTÍN",1156
MALE,25,"Millennials Jóvenes","173 - EL LIBERTADOR",1966
FEMALE,33,"Millennials Jóvenes","248 - Husares",785
FEMALE,33,"Millennials Jóvenes","248 - Husares",758
FEMALE,33,"Millennials Jóvenes","242 - Plazoleta Rafael del Riego",657
FEMALE,33,"Millennials Jóvenes","248 - Husares",767
FEMALE,33,"Millennials Jóvenes","255 - BARRANCAS DE BELGRANO",454
FEMALE,33,"Millennials Jóvenes","248 - Husares",855
FEMALE,33,"Millennials Jóvenes","255 - BARRANCAS DE BELGRANO",441
FEMALE,33,"Millennials Jóvenes","248 - Husares",931
FEMALE,33,"Millennials Jóvenes","248 - Husares",801
FEMALE,33,"Millennials Jóvenes","242 - Plazoleta Rafael del Riego",678
OTHER,30,"Millennials Jóvenes","056 - Plaza Palermo Viejo",789
OTHER,30,"Millennials Jóvenes","079 - AZUCENA VILLAFLOR",637
OTHER,30,"Millennials Jóvenes","034 - Colonia Express",608
OTHER,30,"Millennials Jóvenes","194 - PERÓN Y ACUÑA DE FIGUEROA",543
OTHER,30,"Millennials Jóvenes","142 - ARMENIA",860
MALE,27,"Millennials Jóvenes","161 - Humahuaca",772
MALE,27,"Millennials Jóvenes","332 - PACÍFICO II",971
MALE,27,"Millennials Jóvenes","161 - Humahuaca",824
MALE,27,"Millennials Jóvenes","054 - Acuña de Figueroa",793
MALE,27,"Millennials Jóvenes","332 - PACÍFICO II",1080
MALE,27,"Millennials Jóvenes","161 - Humahuaca",861
MALE,27,"Millennials Jóvenes","059 - Coronel Diaz",417
MALE,27,"Millennials Jóvenes","161 - Humahuaca",458
MALE,27,"Millennials Jóvenes","161 - Humahuaca",821
MALE,27,"Millennials Jóvenes","014 - Pacifico",818
MALE,27,"Millennials Jóvenes","161 - Humahuaca",863
MALE,27,"Millennials Jóvenes","059 - Coronel Diaz",436
MALE,27,"Millennials Jóvenes","332 - PACÍFICO II",866
MALE,27,"Millennials Jóvenes","054 - Acuña de Figueroa",737
MALE,27,"Millennials Jóvenes","161 - Humahuaca",540
MALE,27,"Millennials Jóvenes","161 - Humahuaca",733
MALE,27,"Millennials Jóvenes","054 - Acuña de Figueroa",677
MALE,27,"Millennials Jóvenes","017 - Plaza Almagro",1000
MALE,27,"Millennials Jóvenes","054 - Acuña de Figueroa",831
MALE,27,"Millennials Jóvenes","005 - Plaza Italia",890
MALE,27,"Millennials Jóvenes","161 - Humahuaca",832
MALE,27,"Millennials Jóvenes","054 - Acuña de Figueroa",761
MALE,27,"Millennials Jóvenes","005 - Plaza Italia",692
MALE,27,"Millennials Jóvenes","161 - Humahuaca",708
MALE,27,"Millennials Jóvenes","059 - Coronel Diaz",438
MALE,27,"Millennials Jóvenes","161 - Humahuaca",861
MALE,27,"Millennials Jóvenes","017 - Plaza Almagro",973
MALE,27,"Millennials Jóvenes","161 - Humahuaca",827
MALE,27,"Millennials Jóvenes","161 - Humahuaca",875
MALE,27,"Millennials Jóvenes","075 - Plaza Primero de Mayo",718
MALE,27,"Millennials Jóvenes","161 - Humahuaca",609
MALE,27,"Millennials Jóvenes","075 - Plaza Primero de Mayo",693
MALE,27,"Millennials Jóvenes","368 - PLAZA DE LA SHOÁ",1909
MALE,27,"Millennials Jóvenes","075 - Plaza Primero de Mayo",683
MALE,27,"Millennials Jóvenes","091 - Pasco",1664
MALE,27,"Millennials Jóvenes","075 - Plaza Primero de Mayo",707
MALE,27,"Millennials Jóvenes","075 - Plaza Primero de Mayo",1016
MALE,27,"Millennials Jóvenes","075 - Plaza Primero de Mayo",645
MALE,27,"Millennials Jóvenes","162 - LARREA Y BARTOLOMÉ MITRE",734
MALE,27,"Millennials Jóvenes","017 - Plaza Almagro",960
MALE,27,"Millennials Jóvenes","161 - Humahuaca",736
MALE,27,"Millennials Jóvenes","075 - Plaza Primero de Mayo",704
MALE,27,"Millennials Jóvenes","161 - Humahuaca",920
MALE,27,"Millennials Jóvenes","017 - Plaza Almagro",1284
MALE,27,"Millennials Jóvenes","005 - Plaza Italia",783
MALE,27,"Millennials Jóvenes","017 - Plaza Almagro",1328
MALE,27,"Millennials Jóvenes","161 - Humahuaca",973
MALE,27,"Millennials Jóvenes","054 - Acuña de Figueroa",765
MALE,27,"Millennials Jóvenes","075 - Plaza Primero de Mayo",702
MALE,27,"Millennials Jóvenes","075 - Plaza Primero de Mayo",705
MALE,27,"Millennials Jóvenes","161 - Humahuaca",866
MALE,27,"Millennials Jóvenes","332 - PACÍFICO II",1016
MALE,27,"Millennials Jóvenes","161 - Humahuaca",908
MALE,27,"Millennials Jóvenes","161 - Humahuaca",726
MALE,27,"Millennials Jóvenes","161 - Humahuaca",961
MALE,27,"Millennials Jóvenes","161 - Humahuaca",923
MALE,27,"Millennials Jóvenes","005 - Plaza Italia",721
MALE,27,"Millennials Jóvenes","221 - CULPINA",1567
MALE,27,"Millennials Jóvenes","161 - Humahuaca",524
MALE,27,"Millennials Jóvenes","161 - Humahuaca",725
MALE,27,"Millennials Jóvenes","161 - Humahuaca",796
MALE,27,"Millennials Jóvenes","054 - Acuña de Figueroa",689
MALE,27,"Millennials Jóvenes","005 - Plaza Italia",762
MALE,27,"Millennials Jóvenes","332 - PACÍFICO II",1345
MALE,27,"Millennials Jóvenes","017 - Plaza Almagro",976
MALE,27,"Millennials Jóvenes","161 - Humahuaca",706
MALE,27,"Millennials Jóvenes","017 - Plaza Almagro",1001
MALE,27,"Millennials Jóvenes","054 - Acuña de Figueroa",388
MALE,27,"Millennials Jóvenes","161 - Humahuaca",807
MALE,27,"Millennials Jóvenes","332 - PACÍFICO II",994
MALE,27,"Millennials Jóvenes","161 - Humahuaca",822
MALE,27,"Millennials Jóvenes","161 - Humahuaca",745
MALE,27,"Millennials Jóvenes","066 - Billinghurst",336
MALE,27,"Millennials Jóvenes","161 - Humahuaca",897
MALE,27,"Millennials Jóvenes","161 - Humahuaca",535
MALE,27,"Millennials Jóvenes","054 - Acuña de Figueroa",910
MALE,27,"Millennials Jóvenes","161 - Humahuaca",899
MALE,27,"Millennials Jóvenes","014 - Pacifico",742
MALE,27,"Millennials Jóvenes","161 - Humahuaca",440
MALE,27,"Millennials Jóvenes","113 - Guatemala",768
MALE,27,"Millennials Jóvenes","161 - Humahuaca",584
MALE,27,"Millennials Jóvenes","005 - Plaza Italia",788
MALE,27,"Millennials Jóvenes","161 - Humahuaca",262
MALE,27,"Millennials Jóvenes","161 - Humahuaca",892
MALE,27,"Millennials Jóvenes","054 - Acuña de Figueroa",673
MALE,27,"Millennials Jóvenes","161 - Humahuaca",849
MALE,27,"Millennials Jóvenes","161 - Humahuaca",880
MALE,27,"Millennials Jóvenes","017 - Plaza Almagro",931
MALE,27,"Millennials Jóvenes","014 - Pacifico",842
MALE,27,"Millennials Jóvenes","161 - Humahuaca",880
MALE,27,"Millennials Jóvenes","161 - Humahuaca",932
MALE,27,"Millennials Jóvenes","161 - Humahuaca",744
MALE,27,"Millennials Jóvenes","161 - Humahuaca",838
MALE,27,"Millennials Jóvenes","014 - Pacifico",887
MALE,27,"Millennials Jóvenes","161 - Humahuaca",735
MALE,27,"Millennials Jóvenes","161 - Humahuaca",721
MALE,27,"Millennials Jóvenes","014 - Pacifico",854
MALE,27,"Millennials Jóvenes","005 - Plaza Italia",895
MALE,27,"Millennials Jóvenes","161 - Humahuaca",992
MALE,27,"Millennials Jóvenes","161 - Humahuaca",754
MALE,27,"Millennials Jóvenes","161 - Humahuaca",763
MALE,27,"Millennials Jóvenes","014 - Pacifico",973
MALE,27,"Millennials Jóvenes","332 - PACÍFICO II",843
MALE,27,"Millennials Jóvenes","161 - Humahuaca",900
MALE,27,"Millennials Jóvenes","161 - Humahuaca",782
MALE,27,"Millennials Jóvenes","054 - Acuña de Figueroa",706
MALE,27,"Millennials Jóvenes","017 - Plaza Almagro",952
MALE,27,"Millennials Jóvenes","332 - PACÍFICO II",983
MALE,27,"Millennials Jóvenes","332 - PACÍFICO II",987
MALE,27,"Millennials Jóvenes","161 - Humahuaca",916
MALE,27,"Millennials Jóvenes","161 - Humahuaca",814
MALE,27,"Millennials Jóvenes","014 - Pacifico",950
MALE,27,"Millennials Jóvenes","161 - Humahuaca",546
MALE,27,"Millennials Jóvenes","161 - Humahuaca",506
MALE,27,"Millennials Jóvenes","161 - Humahuaca",777
MALE,27,"Millennials Jóvenes","285 - ESPINOSA",997
MALE,27,"Millennials Jóvenes","161 - Humahuaca",972
MALE,27,"Millennials Jóvenes","161 - Humahuaca",941
MALE,27,"Millennials Jóvenes","065 - Julián Álvarez",528
MALE,27,"Millennials Jóvenes","014 - Pacifico",804
MALE,27,"Millennials Jóvenes","161 - Humahuaca",962
MALE,27,"Millennials Jóvenes","014 - Pacifico",962
MALE,27,"Millennials Jóvenes","054 - Acuña de Figueroa",867
MALE,27,"Millennials Jóvenes","161 - Humahuaca",838
MALE,27,"Millennials Jóvenes","161 - Humahuaca",979
MALE,27,"Millennials Jóvenes","014 - Pacifico",904
MALE,27,"Millennials Jóvenes","161 - Humahuaca",853
MALE,27,"Millennials Jóvenes","161 - Humahuaca",885
MALE,27,"Millennials Jóvenes","161 - Humahuaca",794
MALE,27,"Millennials Jóvenes","009 - Parque Las Heras",564
MALE,27,"Millennials Jóvenes","161 - Humahuaca",880
MALE,27,"Millennials Jóvenes","161 - Humahuaca",706
MALE,27,"Millennials Jóvenes","014 - Pacifico",871
MALE,27,"Millennials Jóvenes","014 - Pacifico",859
MALE,27,"Millennials Jóvenes","161 - Humahuaca",869
MALE,27,"Millennials Jóvenes","161 - Humahuaca",809
MALE,27,"Millennials Jóvenes","161 - Humahuaca",644
MALE,27,"Millennials Jóvenes","161 - Humahuaca",745
MALE,27,"Millennials Jóvenes","161 - Humahuaca",744
MALE,27,"Millennials Jóvenes","161 - Humahuaca",756
MALE,27,"Millennials Jóvenes","161 - Humahuaca",818
MALE,27,"Millennials Jóvenes","161 - Humahuaca",964
MALE,27,"Millennials Jóvenes","161 - Humahuaca",723
MALE,27,"Millennials Jóvenes","161 - Humahuaca",888
MALE,27,"Millennials Jóvenes","014 - Pacifico",934
MALE,27,"Millennials Jóvenes","161 - Humahuaca",883
MALE,27,"Millennials Jóvenes","161 - Humahuaca",709
MALE,27,"Millennials Jóvenes","332 - PACÍFICO II",947
MALE,27,"Millennials Jóvenes","161 - Humahuaca",844
MALE,27,"Millennials Jóvenes","161 - Humahuaca",821
MALE,27,"Millennials Jóvenes","161 - Humahuaca",984
MALE,27,"Millennials Jóvenes","054 - Acuña de Figueroa",790
MALE,27,"Millennials Jóvenes","014 - Pacifico",989
MALE,27,"Millennials Jóvenes","161 - Humahuaca",719
MALE,27,"Millennials Jóvenes","161 - Humahuaca",948
MALE,27,"Millennials Jóvenes","161 - Humahuaca",922
MALE,27,"Millennials Jóvenes","161 - Humahuaca",827
MALE,27,"Millennials Jóvenes","113 - Guatemala",695
MALE,27,"Millennials Jóvenes","161 - Humahuaca",891
MALE,27,"Millennials Jóvenes","013 - ONCE",479
MALE,27,"Millennials Jóvenes","161 - Humahuaca",781
MALE,27,"Millennials Jóvenes","017 - Plaza Almagro",998
MALE,27,"Millennials Jóvenes","161 - Humahuaca",764
MALE,27,"Millennials Jóvenes","013 - ONCE",402
MALE,27,"Millennials Jóvenes","161 - Humahuaca",926
MALE,27,"Millennials Jóvenes","161 - Humahuaca",869
MALE,27,"Millennials Jóvenes","161 - Humahuaca",875
MALE,27,"Millennials Jóvenes","161 - Humahuaca",999
MALE,27,"Millennials Jóvenes","161 - Humahuaca",882
MALE,27,"Millennials Jóvenes","113 - Guatemala",809
MALE,27,"Millennials Jóvenes","161 - Humahuaca",875
MALE,27,"Millennials Jóvenes","332 - PACÍFICO II",901
MALE,27,"Millennials Jóvenes","161 - Humahuaca",762
MALE,27,"Millennials Jóvenes","161 - Humahuaca",984
MALE,27,"Millennials Jóvenes","161 - Humahuaca",635
MALE,27,"Millennials Jóvenes","161 - Humahuaca",976
MALE,27,"Millennials Jóvenes","161 - Humahuaca",888
MALE,27,"Millennials Jóvenes","161 - Humahuaca",776
MALE,27,"Millennials Jóvenes","161 - Humahuaca",771
MALE,27,"Millennials Jóvenes","084 - TEATRO PICADERO",577
MALE,27,"Millennials Jóvenes","161 - Humahuaca",642
MALE,27,"Millennials Jóvenes","017 - Plaza Almagro",993
MALE,27,"Millennials Jóvenes","161 - Humahuaca",907
MALE,27,"Millennials Jóvenes","161 - Humahuaca",865
MALE,27,"Millennials Jóvenes","161 - Humahuaca",840
MALE,27,"Millennials Jóvenes","005 - Plaza Italia",843
MALE,27,"Millennials Jóvenes","161 - Humahuaca",759
MALE,27,"Millennials Jóvenes","014 - Pacifico",859
MALE,27,"Millennials Jóvenes","161 - Humahuaca",866
MALE,27,"Millennials Jóvenes","161 - Humahuaca",714
MALE,27,"Millennials Jóvenes","113 - Guatemala",750
MALE,27,"Millennials Jóvenes","161 - Humahuaca",702
MALE,27,"Millennials Jóvenes","014 - Pacifico",905
MALE,27,"Millennials Jóvenes","161 - Humahuaca",694
MALE,27,"Millennials Jóvenes","161 - Humahuaca",875
MALE,27,"Millennials Jóvenes","054 - Acuña de Figueroa",935
MALE,27,"Millennials Jóvenes","161 - Humahuaca",734
MALE,27,"Millennials Jóvenes","161 - Humahuaca",753
MALE,27,"Millennials Jóvenes","014 - Pacifico",676
MALE,27,"Millennials Jóvenes","161 - Humahuaca",686
MALE,27,"Millennials Jóvenes","161 - Humahuaca",892
MALE,27,"Millennials Jóvenes","059 - Coronel Diaz",408
MALE,27,"Millennials Jóvenes","161 - Humahuaca",745
MALE,27,"Millennials Jóvenes","161 - Humahuaca",746
MALE,27,"Millennials Jóvenes","163 - ONCE II",668
MALE,27,"Millennials Jóvenes","161 - Humahuaca",696
MALE,27,"Millennials Jóvenes","005 - Plaza Italia",742
MALE,27,"Millennials Jóvenes","017 - Plaza Almagro",806
MALE,27,"Millennials Jóvenes","161 - Humahuaca",982
MALE,27,"Millennials Jóvenes","161 - Humahuaca",961
MALE,27,"Millennials Jóvenes","161 - Humahuaca",680
FEMALE,26,"Millennials Jóvenes","014 - Pacifico",953
MALE,29,"Millennials Jóvenes","087 - Guayaquil",319
MALE,29,"Millennials Jóvenes","087 - Guayaquil",391
MALE,29,"Millennials Jóvenes","087 - Guayaquil",363
MALE,29,"Millennials Jóvenes","087 - Guayaquil",382
MALE,29,"Millennials Jóvenes","087 - Guayaquil",412
MALE,29,"Millennials Jóvenes","087 - Guayaquil",415
MALE,29,"Millennials Jóvenes","087 - Guayaquil",352
MALE,29,"Millennials Jóvenes","087 - Guayaquil",464
MALE,29,"Millennials Jóvenes","087 - Guayaquil",427
MALE,29,"Millennials Jóvenes","031 - PARQUE RIVADAVIA",284
MALE,29,"Millennials Jóvenes","087 - Guayaquil",350
MALE,29,"Millennials Jóvenes","087 - Guayaquil",372
MALE,29,"Millennials Jóvenes","087 - Guayaquil",381
MALE,29,"Millennials Jóvenes","087 - Guayaquil",370
MALE,29,"Millennials Jóvenes","031 - PARQUE RIVADAVIA",318
MALE,29,"Millennials Jóvenes","087 - Guayaquil",386
MALE,29,"Millennials Jóvenes","087 - Guayaquil",454
MALE,29,"Millennials Jóvenes","087 - Guayaquil",445
MALE,29,"Millennials Jóvenes","087 - Guayaquil",372
MALE,29,"Millennials Jóvenes","087 - Guayaquil",370
MALE,29,"Millennials Jóvenes","087 - Guayaquil",346
MALE,29,"Millennials Jóvenes","029 - Parque Centenario",478
MALE,29,"Millennials Jóvenes","087 - Guayaquil",405
MALE,29,"Millennials Jóvenes","087 - Guayaquil",379
MALE,29,"Millennials Jóvenes","031 - PARQUE RIVADAVIA",334
MALE,29,"Millennials Jóvenes","087 - Guayaquil",413
MALE,29,"Millennials Jóvenes","087 - Guayaquil",419
MALE,29,"Millennials Jóvenes","029 - Parque Centenario",502
MALE,29,"Millennials Jóvenes","080 - VALLE",535
MALE,29,"Millennials Jóvenes","029 - Parque Centenario",598
MALE,29,"Millennials Jóvenes","087 - Guayaquil",385
MALE,29,"Millennials Jóvenes","087 - Guayaquil",426
MALE,29,"Millennials Jóvenes","029 - Parque Centenario",434
MALE,29,"Millennials Jóvenes","087 - Guayaquil",575
MALE,29,"Millennials Jóvenes","276 - PRIMERA JUNTA",275
MALE,29,"Millennials Jóvenes","031 - PARQUE RIVADAVIA",357
MALE,29,"Millennials Jóvenes","187 - Jose Maria Moreno",514
MALE,29,"Millennials Jóvenes","087 - Guayaquil",356
MALE,29,"Millennials Jóvenes","029 - Parque Centenario",434
MALE,29,"Millennials Jóvenes","031 - PARQUE RIVADAVIA",536
MALE,29,"Millennials Jóvenes","087 - Guayaquil",399
MALE,29,"Millennials Jóvenes","087 - Guayaquil",366
MALE,29,"Millennials Jóvenes","029 - Parque Centenario",406
MALE,29,"Millennials Jóvenes","087 - Guayaquil",332
MALE,29,"Millennials Jóvenes","087 - Guayaquil",392
MALE,29,"Millennials Jóvenes","087 - Guayaquil",424
MALE,29,"Millennials Jóvenes","087 - Guayaquil",414
MALE,29,"Millennials Jóvenes","031 - PARQUE RIVADAVIA",358
MALE,29,"Millennials Jóvenes","087 - Guayaquil",362
MALE,29,"Millennials Jóvenes","082 - HOSPITAL ITALIANO",556
MALE,29,"Millennials Jóvenes","031 - PARQUE RIVADAVIA",314
MALE,29,"Millennials Jóvenes","087 - Guayaquil",418
MALE,29,"Millennials Jóvenes","087 - Guayaquil",376
MALE,29,"Millennials Jóvenes","087 - Guayaquil",421
MALE,29,"Millennials Jóvenes","087 - Guayaquil",395
MALE,29,"Millennials Jóvenes","188 - Aranguren",398
MALE,29,"Millennials Jóvenes","031 - PARQUE RIVADAVIA",421
MALE,29,"Millennials Jóvenes","031 - PARQUE RIVADAVIA",343
MALE,29,"Millennials Jóvenes","087 - Guayaquil",367
MALE,29,"Millennials Jóvenes","031 - PARQUE RIVADAVIA",325
MALE,29,"Millennials Jóvenes","087 - Guayaquil",388
MALE,29,"Millennials Jóvenes","029 - Parque Centenario",406
MALE,29,"Millennials Jóvenes","082 - HOSPITAL ITALIANO",713
MALE,29,"Millennials Jóvenes","087 - Guayaquil",411
MALE,29,"Millennials Jóvenes","074 - INSTITUTO LELOIR",312
MALE,29,"Millennials Jóvenes","080 - VALLE",520
MALE,29,"Millennials Jóvenes","029 - Parque Centenario",405
MALE,29,"Millennials Jóvenes","087 - Guayaquil",454
MALE,29,"Millennials Jóvenes","031 - PARQUE RIVADAVIA",397
MALE,29,"Millennials Jóvenes","087 - Guayaquil",418
MALE,29,"Millennials Jóvenes","087 - Guayaquil",328
MALE,29,"Millennials Jóvenes","087 - Guayaquil",422
MALE,29,"Millennials Jóvenes","087 - Guayaquil",440
MALE,29,"Millennials Jóvenes","087 - Guayaquil",335
MALE,29,"Millennials Jóvenes","087 - Guayaquil",399
MALE,29,"Millennials Jóvenes","087 - Guayaquil",450
MALE,29,"Millennials Jóvenes","087 - Guayaquil",397
MALE,29,"Millennials Jóvenes","031 - PARQUE RIVADAVIA",346
MALE,29,"Millennials Jóvenes","087 - Guayaquil",388
MALE,29,"Millennials Jóvenes","087 - Guayaquil",398
MALE,29,"Millennials Jóvenes","187 - Jose Maria Moreno",415
MALE,29,"Millennials Jóvenes","087 - Guayaquil",362
MALE,29,"Millennials Jóvenes","087 - Guayaquil",358
MALE,29,"Millennials Jóvenes","087 - Guayaquil",211
MALE,29,"Millennials Jóvenes","087 - Guayaquil",382
MALE,29,"Millennials Jóvenes","087 - Guayaquil",406
MALE,29,"Millennials Jóvenes","087 - Guayaquil",453
MALE,29,"Millennials Jóvenes","087 - Guayaquil",443
MALE,29,"Millennials Jóvenes","087 - Guayaquil",377
MALE,29,"Millennials Jóvenes","031 - PARQUE RIVADAVIA",290
MALE,29,"Millennials Jóvenes","031 - PARQUE RIVADAVIA",254
MALE,29,"Millennials Jóvenes","087 - Guayaquil",403
MALE,29,"Millennials Jóvenes","031 - PARQUE RIVADAVIA",268
MALE,29,"Millennials Jóvenes","087 - Guayaquil",350
MALE,29,"Millennials Jóvenes","031 - PARQUE RIVADAVIA",302
MALE,29,"Millennials Jóvenes","087 - Guayaquil",405
MALE,29,"Millennials Jóvenes","087 - Guayaquil",363
MALE,29,"Millennials Jóvenes","080 - VALLE",521
MALE,29,"Millennials Jóvenes","087 - Guayaquil",416
MALE,29,"Millennials Jóvenes","087 - Guayaquil",419
MALE,29,"Millennials Jóvenes","087 - Guayaquil",467
MALE,29,"Millennials Jóvenes","087 - Guayaquil",440
MALE,29,"Millennials Jóvenes","272 - Plaza Bruno Giordano",355
MALE,29,"Millennials Jóvenes","087 - Guayaquil",385
MALE,29,"Millennials Jóvenes","087 - Guayaquil",484
MALE,29,"Millennials Jóvenes","087 - Guayaquil",371
MALE,29,"Millennials Jóvenes","080 - VALLE",538
MALE,29,"Millennials Jóvenes","031 - PARQUE RIVADAVIA",345
MALE,29,"Millennials Jóvenes","087 - Guayaquil",673
MALE,29,"Millennials Jóvenes","087 - Guayaquil",397
MALE,29,"Millennials Jóvenes","080 - VALLE",551
MALE,29,"Millennials Jóvenes","031 - PARQUE RIVADAVIA",260
MALE,29,"Millennials Jóvenes","087 - Guayaquil",383
MALE,29,"Millennials Jóvenes","087 - Guayaquil",370
MALE,29,"Millennials Jóvenes","087 - Guayaquil",396
MALE,29,"Millennials Jóvenes","029 - Parque Centenario",610
MALE,29,"Millennials Jóvenes","087 - Guayaquil",423
MALE,29,"Millennials Jóvenes","080 - VALLE",763
MALE,29,"Millennials Jóvenes","087 - Guayaquil",379
MALE,29,"Millennials Jóvenes","087 - Guayaquil",413
MALE,29,"Millennials Jóvenes","031 - PARQUE RIVADAVIA",250
MALE,29,"Millennials Jóvenes","087 - Guayaquil",404
MALE,29,"Millennials Jóvenes","080 - VALLE",534
MALE,29,"Millennials Jóvenes","080 - VALLE",673
MALE,29,"Millennials Jóvenes","276 - PRIMERA JUNTA",629
MALE,29,"Millennials Jóvenes","031 - PARQUE RIVADAVIA",286
MALE,29,"Millennials Jóvenes","087 - Guayaquil",413
MALE,29,"Millennials Jóvenes","087 - Guayaquil",450
MALE,29,"Millennials Jóvenes","031 - PARQUE RIVADAVIA",283
MALE,29,"Millennials Jóvenes","031 - PARQUE RIVADAVIA",298
MALE,29,"Millennials Jóvenes","087 - Guayaquil",393
MALE,29,"Millennials Jóvenes","031 - PARQUE RIVADAVIA",389
MALE,29,"Millennials Jóvenes","080 - VALLE",559
MALE,29,"Millennials Jóvenes","029 - Parque Centenario",683
MALE,29,"Millennials Jóvenes","080 - VALLE",550
MALE,29,"Millennials Jóvenes","087 - Guayaquil",342
MALE,29,"Millennials Jóvenes","087 - Guayaquil",401
MALE,29,"Millennials Jóvenes","087 - Guayaquil",427
MALE,29,"Millennials Jóvenes","031 - PARQUE RIVADAVIA",285
MALE,29,"Millennials Jóvenes","087 - Guayaquil",385
MALE,29,"Millennials Jóvenes","136 - Acevedo",343
MALE,29,"Millennials Jóvenes","087 - Guayaquil",380
MALE,29,"Millennials Jóvenes","087 - Guayaquil",446
MALE,29,"Millennials Jóvenes","087 - Guayaquil",346
MALE,29,"Millennials Jóvenes","087 - Guayaquil",417
MALE,29,"Millennials Jóvenes","087 - Guayaquil",389
MALE,29,"Millennials Jóvenes","087 - Guayaquil",367
MALE,29,"Millennials Jóvenes","031 - PARQUE RIVADAVIA",362
MALE,29,"Millennials Jóvenes","087 - Guayaquil",377
MALE,29,"Millennials Jóvenes","087 - Guayaquil",329
MALE,29,"Millennials Jóvenes","087 - Guayaquil",406
MALE,29,"Millennials Jóvenes","029 - Parque Centenario",1382
MALE,29,"Millennials Jóvenes","374 - Puan",788
MALE,29,"Millennials Jóvenes","087 - Guayaquil",341
MALE,29,"Millennials Jóvenes","080 - VALLE",550
MALE,29,"Millennials Jóvenes","087 - Guayaquil",384
MALE,29,"Millennials Jóvenes","087 - Guayaquil",328
MALE,29,"Millennials Jóvenes","031 - PARQUE RIVADAVIA",329
MALE,29,"Millennials Jóvenes","187 - Jose Maria Moreno",428
MALE,29,"Millennials Jóvenes","087 - Guayaquil",389
MALE,29,"Millennials Jóvenes","087 - Guayaquil",352
MALE,29,"Millennials Jóvenes","087 - Guayaquil",417
MALE,29,"Millennials Jóvenes","087 - Guayaquil",377
MALE,29,"Millennials Jóvenes","087 - Guayaquil",377
MALE,29,"Millennials Jóvenes","029 - Parque Centenario",550
MALE,29,"Millennials Jóvenes","074 - INSTITUTO LELOIR",272
MALE,29,"Millennials Jóvenes","029 - Parque Centenario",528
MALE,29,"Millennials Jóvenes","087 - Guayaquil",386
MALE,29,"Millennials Jóvenes","029 - Parque Centenario",499
MALE,29,"Millennials Jóvenes","087 - Guayaquil",474
MALE,29,"Millennials Jóvenes","029 - Parque Centenario",461
MALE,29,"Millennials Jóvenes","136 - Acevedo",357
MALE,29,"Millennials Jóvenes","136 - Acevedo",357
MALE,29,"Millennials Jóvenes","029 - Parque Centenario",500
MALE,29,"Millennials Jóvenes","087 - Guayaquil",440
MALE,29,"Millennials Jóvenes","136 - Acevedo",342
MALE,29,"Millennials Jóvenes","029 - Parque Centenario",568
MALE,29,"Millennials Jóvenes","087 - Guayaquil",413
MALE,29,"Millennials Jóvenes","087 - Guayaquil",444
MALE,29,"Millennials Jóvenes","029 - Parque Centenario",492
MALE,29,"Millennials Jóvenes","087 - Guayaquil",422
MALE,29,"Millennials Jóvenes","087 - Guayaquil",457
MALE,29,"Millennials Jóvenes","029 - Parque Centenario",542
MALE,29,"Millennials Jóvenes","087 - Guayaquil",394
MALE,29,"Millennials Jóvenes","029 - Parque Centenario",536
MALE,29,"Millennials Jóvenes","087 - Guayaquil",416
MALE,29,"Millennials Jóvenes","087 - Guayaquil",358
MALE,29,"Millennials Jóvenes","087 - Guayaquil",375
MALE,29,"Millennials Jóvenes","029 - Parque Centenario",714
MALE,29,"Millennials Jóvenes","087 - Guayaquil",458
MALE,29,"Millennials Jóvenes","087 - Guayaquil",440
MALE,29,"Millennials Jóvenes","029 - Parque Centenario",535
MALE,29,"Millennials Jóvenes","087 - Guayaquil",423
MALE,29,"Millennials Jóvenes","136 - Acevedo",309
MALE,29,"Millennials Jóvenes","087 - Guayaquil",442
MALE,29,"Millennials Jóvenes","087 - Guayaquil",441
MALE,29,"Millennials Jóvenes","029 - Parque Centenario",512
MALE,29,"Millennials Jóvenes","029 - Parque Centenario",565
MALE,29,"Millennials Jóvenes","029 - Parque Centenario",852
MALE,29,"Millennials Jóvenes","074 - INSTITUTO LELOIR",358
MALE,29,"Millennials Jóvenes","029 - Parque Centenario",442
MALE,29,"Millennials Jóvenes","029 - Parque Centenario",516
MALE,29,"Millennials Jóvenes","136 - Acevedo",341
MALE,29,"Millennials Jóvenes","087 - Guayaquil",419
MALE,29,"Millennials Jóvenes","029 - Parque Centenario",559
MALE,29,"Millennials Jóvenes","087 - Guayaquil",436
MALE,29,"Millennials Jóvenes","272 - Plaza Bruno Giordano",404
MALE,29,"Millennials Jóvenes","029 - Parque Centenario",534
MALE,29,"Millennials Jóvenes","029 - Parque Centenario",505
MALE,29,"Millennials Jóvenes","087 - Guayaquil",483
MALE,29,"Millennials Jóvenes","087 - Guayaquil",430
MALE,29,"Millennials Jóvenes","087 - Guayaquil",426
MALE,29,"Millennials Jóvenes","029 - Parque Centenario",637
MALE,29,"Millennials Jóvenes","087 - Guayaquil",409
MALE,29,"Millennials Jóvenes","029 - Parque Centenario",549
MALE,29,"Millennials Jóvenes","029 - Parque Centenario",624
MALE,29,"Millennials Jóvenes","029 - Parque Centenario",458
MALE,29,"Millennials Jóvenes","029 - Parque Centenario",457
MALE,29,"Millennials Jóvenes","087 - Guayaquil",482
MALE,29,"Millennials Jóvenes","029 - Parque Centenario",553
MALE,29,"Millennials Jóvenes","087 - Guayaquil",457
MALE,29,"Millennials Jóvenes","087 - Guayaquil",481
MALE,29,"Millennials Jóvenes","029 - Parque Centenario",518
MALE,29,"Millennials Jóvenes","029 - Parque Centenario",572
MALE,29,"Millennials Jóvenes","074 - INSTITUTO LELOIR",305
MALE,29,"Millennials Jóvenes","087 - Guayaquil",465
MALE,29,"Millennials Jóvenes","029 - Parque Centenario",535
MALE,29,"Millennials Jóvenes","087 - Guayaquil",374
MALE,29,"Millennials Jóvenes","029 - Parque Centenario",507
MALE,29,"Millennials Jóvenes","087 - Guayaquil",495
MALE,29,"Millennials Jóvenes","087 - Guayaquil",416
MALE,29,"Millennials Jóvenes","074 - INSTITUTO LELOIR",482
MALE,29,"Millennials Jóvenes","087 - Guayaquil",460
MALE,29,"Millennials Jóvenes","087 - Guayaquil",447
MALE,29,"Millennials Jóvenes","029 - Parque Centenario",581
MALE,29,"Millennials Jóvenes","087 - Guayaquil",392
MALE,29,"Millennials Jóvenes","087 - Guayaquil",420
MALE,29,"Millennials Jóvenes","136 - Acevedo",355
MALE,29,"Millennials Jóvenes","074 - INSTITUTO LELOIR",441
MALE,29,"Millennials Jóvenes","087 - Guayaquil",362
MALE,29,"Millennials Jóvenes","087 - Guayaquil",63
MALE,29,"Millennials Jóvenes","087 - Guayaquil",411
MALE,29,"Millennials Jóvenes","136 - Acevedo",324
MALE,29,"Millennials Jóvenes","074 - INSTITUTO LELOIR",267
MALE,29,"Millennials Jóvenes","074 - INSTITUTO LELOIR",289
MALE,29,"Millennials Jóvenes","087 - Guayaquil",424
MALE,29,"Millennials Jóvenes","087 - Guayaquil",374
MALE,29,"Millennials Jóvenes","087 - Guayaquil",376
MALE,29,"Millennials Jóvenes","087 - Guayaquil",416
MALE,29,"Millennials Jóvenes","087 - Guayaquil",385
MALE,29,"Millennials Jóvenes","087 - Guayaquil",380
MALE,29,"Millennials Jóvenes","087 - Guayaquil",480
MALE,29,"Millennials Jóvenes","087 - Guayaquil",358
MALE,29,"Millennials Jóvenes","087 - Guayaquil",419
MALE,29,"Millennials Jóvenes","136 - Acevedo",235
MALE,29,"Millennials Jóvenes","087 - Guayaquil",428
MALE,29,"Millennials Jóvenes","087 - Guayaquil",382
MALE,29,"Millennials Jóvenes","087 - Guayaquil",380
MALE,29,"Millennials Jóvenes","074 - INSTITUTO LELOIR",262
MALE,29,"Millennials Jóvenes","136 - Acevedo",283
MALE,29,"Millennials Jóvenes","087 - Guayaquil",381
MALE,29,"Millennials Jóvenes","074 - INSTITUTO LELOIR",333
MALE,29,"Millennials Jóvenes","087 - Guayaquil",370
MALE,29,"Millennials Jóvenes","136 - Acevedo",317
MALE,29,"Millennials Jóvenes","087 - Guayaquil",439
MALE,29,"Millennials Jóvenes","087 - Guayaquil",436
MALE,29,"Millennials Jóvenes","087 - Guayaquil",360
MALE,29,"Millennials Jóvenes","087 - Guayaquil",376
MALE,29,"Millennials Jóvenes","087 - Guayaquil",381
MALE,29,"Millennials Jóvenes","087 - Guayaquil",398
MALE,29,"Millennials Jóvenes","031 - PARQUE RIVADAVIA",288
MALE,29,"Millennials Jóvenes","074 - INSTITUTO LELOIR",299
MALE,29,"Millennials Jóvenes","087 - Guayaquil",416
MALE,29,"Millennials Jóvenes","136 - Acevedo",339
MALE,29,"Millennials Jóvenes","031 - PARQUE RIVADAVIA",530
MALE,29,"Millennials Jóvenes","074 - INSTITUTO LELOIR",267
MALE,29,"Millennials Jóvenes","087 - Guayaquil",382
MALE,29,"Millennials Jóvenes","087 - Guayaquil",453
MALE,29,"Millennials Jóvenes","087 - Guayaquil",479
MALE,29,"Millennials Jóvenes","087 - Guayaquil",371
MALE,29,"Millennials Jóvenes","087 - Guayaquil",397
MALE,29,"Millennials Jóvenes","087 - Guayaquil",496
MALE,29,"Millennials Jóvenes","029 - Parque Centenario",506
MALE,29,"Millennials Jóvenes","029 - Parque Centenario",668
MALE,29,"Millennials Jóvenes","074 - INSTITUTO LELOIR",447
MALE,29,"Millennials Jóvenes","074 - INSTITUTO LELOIR",262
MALE,29,"Millennials Jóvenes","087 - Guayaquil",477
MALE,29,"Millennials Jóvenes","087 - Guayaquil",432
MALE,29,"Millennials Jóvenes","136 - Acevedo",369
MALE,29,"Millennials Jóvenes","029 - Parque Centenario",583
MALE,29,"Millennials Jóvenes","029 - Parque Centenario",416
MALE,29,"Millennials Jóvenes","087 - Guayaquil",438
MALE,29,"Millennials Jóvenes","029 - Parque Centenario",83
MALE,29,"Millennials Jóvenes","087 - Guayaquil",423
MALE,29,"Millennials Jóvenes","087 - Guayaquil",421
MALE,29,"Millennials Jóvenes","136 - Acevedo",376
MALE,29,"Millennials Jóvenes","029 - Parque Centenario",660
MALE,29,"Millennials Jóvenes","087 - Guayaquil",460
MALE,29,"Millennials Jóvenes","029 - Parque Centenario",517
MALE,29,"Millennials Jóvenes","087 - Guayaquil",426
MALE,29,"Millennials Jóvenes","029 - Parque Centenario",535
MALE,29,"Millennials Jóvenes","087 - Guayaquil",420
MALE,29,"Millennials Jóvenes","087 - Guayaquil",392
MALE,29,"Millennials Jóvenes","087 - Guayaquil",415
MALE,29,"Millennials Jóvenes","029 - Parque Centenario",502
MALE,29,"Millennials Jóvenes","087 - Guayaquil",460
MALE,29,"Millennials Jóvenes","029 - Parque Centenario",514
MALE,29,"Millennials Jóvenes","087 - Guayaquil",692
MALE,29,"Millennials Jóvenes","087 - Guayaquil",617
MALE,29,"Millennials Jóvenes","087 - Guayaquil",499
MALE,29,"Millennials Jóvenes","074 - INSTITUTO LELOIR",871
MALE,29,"Millennials Jóvenes","087 - Guayaquil",355
MALE,29,"Millennials Jóvenes","087 - Guayaquil",445
MALE,29,"Millennials Jóvenes","029 - Parque Centenario",620
MALE,29,"Millennials Jóvenes","087 - Guayaquil",448
MALE,29,"Millennials Jóvenes","087 - Guayaquil",445
MALE,29,"Millennials Jóvenes","074 - INSTITUTO LELOIR",449
MALE,29,"Millennials Jóvenes","087 - Guayaquil",409
MALE,29,"Millennials Jóvenes","136 - Acevedo",367
MALE,29,"Millennials Jóvenes","087 - Guayaquil",342
MALE,29,"Millennials Jóvenes","031 - PARQUE RIVADAVIA",312
MALE,29,"Millennials Jóvenes","136 - Acevedo",314
MALE,29,"Millennials Jóvenes","087 - Guayaquil",407
MALE,29,"Millennials Jóvenes","136 - Acevedo",381
MALE,29,"Millennials Jóvenes","087 - Guayaquil",380
MALE,29,"Millennials Jóvenes","087 - Guayaquil",379
MALE,29,"Millennials Jóvenes","087 - Guayaquil",472
MALE,29,"Millennials Jóvenes","031 - PARQUE RIVADAVIA",404
OTHER,25,"Millennials Jóvenes","061 - Ministerio de Economia",839
OTHER,25,"Millennials Jóvenes","061 - Ministerio de Economia",989
OTHER,25,"Millennials Jóvenes","016 - Legislatura",760
MALE,25,"Millennials Jóvenes","368 - PLAZA DE LA SHOÁ",11874
MALE,25,"Millennials Jóvenes","044 - Ecoparque",983
OTHER,31,"Millennials Jóvenes","054 - Acuña de Figueroa",202
FEMALE,34,"Millennials Jóvenes","174 - MINISTERIO DE EDUCACION",593
MALE,31,"Millennials Jóvenes","061 - Ministerio de Economia",933
FEMALE,25,"Millennials Jóvenes","286 - FILOSOFIA Y LETRAS",1289
FEMALE,25,"Millennials Jóvenes","276 - PRIMERA JUNTA",917
FEMALE,25,"Millennials Jóvenes","286 - FILOSOFIA Y LETRAS",892
MALE,25,"Millennials Jóvenes","303 - Huaura",777
MALE,25,"Millennials Jóvenes","303 - Huaura",672
MALE,25,"Millennials Jóvenes","230 - AREVALO",725
MALE,25,"Millennials Jóvenes","159 - Fitz Roy & Gorriti",692
MALE,25,"Millennials Jóvenes","303 - Huaura",964
MALE,25,"Millennials Jóvenes","230 - AREVALO",705
MALE,25,"Millennials Jóvenes","159 - Fitz Roy & Gorriti",767
MALE,25,"Millennials Jóvenes","303 - Huaura",731
MALE,25,"Millennials Jóvenes","303 - Huaura",767
MALE,25,"Millennials Jóvenes","094 - GÚZMAN",975
MALE,25,"Millennials Jóvenes","303 - Huaura",752
MALE,25,"Millennials Jóvenes","303 - Huaura",718
MALE,25,"Millennials Jóvenes","303 - Huaura",738
MALE,25,"Millennials Jóvenes","303 - Huaura",618
MALE,25,"Millennials Jóvenes","159 - Fitz Roy & Gorriti",707
MALE,25,"Millennials Jóvenes","159 - Fitz Roy & Gorriti",769
MALE,25,"Millennials Jóvenes","101 - Fitz Roy",577
MALE,25,"Millennials Jóvenes","159 - Fitz Roy & Gorriti",607
MALE,25,"Millennials Jóvenes","101 - Fitz Roy",556
MALE,25,"Millennials Jóvenes","303 - Huaura",678
MALE,25,"Millennials Jóvenes","159 - Fitz Roy & Gorriti",587
MALE,25,"Millennials Jóvenes","159 - Fitz Roy & Gorriti",690
MALE,25,"Millennials Jóvenes","159 - Fitz Roy & Gorriti",791
MALE,25,"Millennials Jóvenes","159 - Fitz Roy & Gorriti",758
MALE,25,"Millennials Jóvenes","303 - Huaura",628
MALE,25,"Millennials Jóvenes","101 - Fitz Roy",503
MALE,25,"Millennials Jóvenes","303 - Huaura",824
MALE,25,"Millennials Jóvenes","159 - Fitz Roy & Gorriti",697
MALE,25,"Millennials Jóvenes","159 - Fitz Roy & Gorriti",662
MALE,25,"Millennials Jóvenes","159 - Fitz Roy & Gorriti",697
MALE,25,"Millennials Jóvenes","206 - Galicia",621
MALE,25,"Millennials Jóvenes","303 - Huaura",716
MALE,25,"Millennials Jóvenes","303 - Huaura",622
MALE,25,"Millennials Jóvenes","303 - Huaura",454
MALE,25,"Millennials Jóvenes","101 - Fitz Roy",605
MALE,25,"Millennials Jóvenes","303 - Huaura",490
MALE,25,"Millennials Jóvenes","303 - Huaura",683
MALE,25,"Millennials Jóvenes","159 - Fitz Roy & Gorriti",664
MALE,25,"Millennials Jóvenes","159 - Fitz Roy & Gorriti",655
MALE,25,"Millennials Jóvenes","255 - BARRANCAS DE BELGRANO",408
MALE,25,"Millennials Jóvenes","191 - Rivadavia y 9 de Julio",577
MALE,25,"Millennials Jóvenes","159 - Fitz Roy & Gorriti",810
MALE,25,"Millennials Jóvenes","303 - Huaura",670
MALE,25,"Millennials Jóvenes","303 - Huaura",645
MALE,25,"Millennials Jóvenes","159 - Fitz Roy & Gorriti",855
MALE,25,"Millennials Jóvenes","159 - Fitz Roy & Gorriti",669
MALE,25,"Millennials Jóvenes","101 - Fitz Roy",515
MALE,25,"Millennials Jóvenes","159 - Fitz Roy & Gorriti",599
MALE,25,"Millennials Jóvenes","230 - AREVALO",721
MALE,25,"Millennials Jóvenes","243 - PLAZOLETA CELEDONIO FLORES",723
MALE,25,"Millennials Jóvenes","159 - Fitz Roy & Gorriti",666
MALE,25,"Millennials Jóvenes","303 - Huaura",761
MALE,25,"Millennials Jóvenes","303 - Huaura",744
MALE,25,"Millennials Jóvenes","303 - Huaura",722
MALE,25,"Millennials Jóvenes","303 - Huaura",671
MALE,25,"Millennials Jóvenes","303 - Huaura",847
MALE,25,"Millennials Jóvenes","159 - Fitz Roy & Gorriti",80
MALE,25,"Millennials Jóvenes","303 - Huaura",558
MALE,25,"Millennials Jóvenes","303 - Huaura",532
MALE,25,"Millennials Jóvenes","101 - Fitz Roy",501
MALE,25,"Millennials Jóvenes","230 - AREVALO",738
MALE,25,"Millennials Jóvenes","159 - Fitz Roy & Gorriti",556
MALE,25,"Millennials Jóvenes","303 - Huaura",703
MALE,25,"Millennials Jóvenes","303 - Huaura",707
MALE,25,"Millennials Jóvenes","303 - Huaura",747
MALE,25,"Millennials Jóvenes","303 - Huaura",701
MALE,25,"Millennials Jóvenes","303 - Huaura",693
MALE,25,"Millennials Jóvenes","159 - Fitz Roy & Gorriti",659
MALE,25,"Millennials Jóvenes","068 - AV. CORDOBA",808
MALE,25,"Millennials Jóvenes","303 - Huaura",451
MALE,25,"Millennials Jóvenes","159 - Fitz Roy & Gorriti",481
MALE,25,"Millennials Jóvenes","303 - Huaura",645
MALE,25,"Millennials Jóvenes","159 - Fitz Roy & Gorriti",825
MALE,25,"Millennials Jóvenes","158 - VILLARROEL",619
MALE,25,"Millennials Jóvenes","101 - Fitz Roy",651
MALE,25,"Millennials Jóvenes","303 - Huaura",631
MALE,25,"Millennials Jóvenes","094 - GÚZMAN",504
MALE,25,"Millennials Jóvenes","303 - Huaura",729
MALE,25,"Millennials Jóvenes","303 - Huaura",766
MALE,25,"Millennials Jóvenes","230 - AREVALO",674
MALE,25,"Millennials Jóvenes","303 - Huaura",668
MALE,25,"Millennials Jóvenes","303 - Huaura",733
MALE,25,"Millennials Jóvenes","303 - Huaura",622
MALE,25,"Millennials Jóvenes","303 - Huaura",660
MALE,25,"Millennials Jóvenes","206 - Galicia",579
MALE,25,"Millennials Jóvenes","159 - Fitz Roy & Gorriti",692
MALE,25,"Millennials Jóvenes","303 - Huaura",520
MALE,25,"Millennials Jóvenes","345 - Plaza Mafalda",697
MALE,25,"Millennials Jóvenes","230 - AREVALO",758
MALE,25,"Millennials Jóvenes","159 - Fitz Roy & Gorriti",760
MALE,25,"Millennials Jóvenes","101 - Fitz Roy",581
MALE,25,"Millennials Jóvenes","303 - Huaura",650
MALE,25,"Millennials Jóvenes","303 - Huaura",691
MALE,25,"Millennials Jóvenes","303 - Huaura",635
MALE,25,"Millennials Jóvenes","303 - Huaura",785
MALE,25,"Millennials Jóvenes","158 - VILLARROEL",98
MALE,25,"Millennials Jóvenes","303 - Huaura",643
MALE,25,"Millennials Jóvenes","253 - Plaza Colegiales",808
MALE,25,"Millennials Jóvenes","303 - Huaura",666
MALE,25,"Millennials Jóvenes","303 - Huaura",773
MALE,25,"Millennials Jóvenes","159 - Fitz Roy & Gorriti",659
MALE,25,"Millennials Jóvenes","303 - Huaura",774
MALE,25,"Millennials Jóvenes","303 - Huaura",666
MALE,25,"Millennials Jóvenes","303 - Huaura",665
MALE,25,"Millennials Jóvenes","303 - Huaura",645
MALE,25,"Millennials Jóvenes","101 - Fitz Roy",517
